{"train_loss": [0.9712487990205938, 0.8977128906683488, 0.8353220506147905, 0.7779164758595554, 0.7254734364422885, 0.6785159880464727, 0.634699081290852, 0.5949230595068498, 0.5582820545543324, 0.52601060108705, 0.49591494527730073, 0.46817496852441265, 0.4438756666400216, 0.4211674202572216, 0.40045775229280645, 0.38131207065148787, 0.36424156698313626, 0.3484666873108257, 0.3338962901722301, 0.3204562257636677, 0.3082551820711656, 0.29669113646854056, 0.28635087392546915, 0.2766750091856176], "val_loss": [1.049173657958572, 0.9880137991260838, 0.9341098440660013, 0.8881405849714537, 0.8465568197740091, 0.8075070767789274, 0.7726272102948781, 0.7414782965505445, 0.7141706202481244, 0.6874354223947268, 0.6636176753688503, 0.643652851517136, 0.6253612009254662, 0.6080500499622242, 0.5924245892344294, 0.5778190380818135, 0.5654474690153792, 0.5548158900157826, 0.5445754544155018, 0.533937207750372, 0.5258323711317938, 0.5180126879666302, 0.5104215612282624, 0.5034386112883285], "train_acc": [0.6409090909090909, 0.7, 0.859090909090909, 0.8954545454545454, 0.9363636363636363, 0.9545454545454545, 0.9636363636363636, 0.9636363636363636, 0.9636363636363636, 0.959090909090909, 0.959090909090909, 0.959090909090909, 0.9545454545454545, 0.9545454545454545, 0.9545454545454545, 0.959090909090909, 0.959090909090909, 0.959090909090909, 0.959090909090909, 0.959090909090909, 0.959090909090909, 0.959090909090909, 0.959090909090909, 0.959090909090909], "val_acc": [0.35135135135135137, 0.6486486486486487, 0.6891891891891893, 0.7162162162162162, 0.7567567567567568, 0.7972972972972974, 0.8243243243243243, 0.8108108108108109, 0.8108108108108109, 0.8378378378378379, 0.8378378378378379, 0.8513513513513514, 0.8648648648648649, 0.8648648648648649, 0.8648648648648649, 0.8648648648648649, 0.8783783783783784, 0.8783783783783784, 0.8648648648648649, 0.8648648648648649, 0.8648648648648649, 0.8648648648648649, 0.8648648648648649, 0.8648648648648649], "lr": [0.01, 0.01, 0.01, 0.01, 0.01, 0.01, 0.01, 0.01, 0.01, 0.01, 0.01, 0.01, 0.01, 0.01, 0.01, 0.01, 0.01, 0.01, 0.01, 0.01, 0.01, 0.01, 0.01, 0.01]}