{"train_loss": [1.1027756842699918, 1.0541021823883057, 0.9797929742119529, 0.9649607517502524, 0.8873224312608893, 0.8765307968313044, 0.8595123919573697, 0.8270665526390075, 0.7803380207581954, 0.791576664014296, 0.7445303548466076, 0.706022567098791, 0.6562304334207014, 0.6813052209940824, 0.6571616508743979, 0.6067193919962103, 0.6177459088238803], "val_loss": [1.087821667258804, 1.0769928532677728, 1.0600288300900846, 1.035114101461462, 1.0027155102910221, 0.9604507378629736, 0.9201983132877866, 0.8846214123674341, 0.8519876099921562, 0.8218042270557301, 0.7961059969824713, 0.7735004537814373, 0.7541226374136435, 0.7289154094618719, 0.7082452049126496, 0.6908358722119718, 0.673697381406217], "train_acc": [0.4318181818181818, 0.42272727272727273, 0.4909090909090909, 0.5227272727272727, 0.5727272727272728, 0.5727272727272728, 0.6227272727272727, 0.6590909090909091, 0.7318181818181818, 0.6454545454545454, 0.7227272727272727, 0.7636363636363636, 0.7999999999999999, 0.7909090909090909, 0.7772727272727272, 0.8136363636363636, 0.8272727272727273], "val_acc": [0.31081081081081086, 0.31081081081081086, 0.5540540540540541, 0.6486486486486487, 0.6891891891891893, 0.7027027027027027, 0.7027027027027027, 0.7297297297297298, 0.7837837837837838, 0.7702702702702703, 0.7837837837837838, 0.8108108108108109, 0.8108108108108109, 0.8108108108108109, 0.8108108108108109, 0.8108108108108109, 0.8108108108108109], "lr": [0.001, 0.001, 0.001, 0.001, 0.001, 0.001, 0.001, 0.001, 0.001, 0.001, 0.001, 0.001, 0.001, 0.001, 0.001, 0.001, 0.001]}