{"train_loss": [1.115392856164412, 1.0482335003939542, 1.0041989001360807, 0.9194076548923146, 0.8717958493666216, 0.8131865696473555, 0.8313089663332159, 0.7872605952349576, 0.785020649433136, 0.770791203325445, 0.7791409264911305, 0.7323512402447787, 0.7431554154916243, 0.7241498827934265, 0.7009276780215177, 0.6955073660070246, 0.6812977953390642, 0.6386052066629583, 0.6761415069753474, 0.6548977537588639, 0.7079348780892112, 0.6522913520986383, 0.7110515106808055, 0.6406507687135177, 0.6638739390806718, 0.5720000635493886, 0.5998366388407621, 0.5911082603714682, 0.5832387414845553, 0.5539829763499173, 0.55963792367415, 0.5214741137894717, 0.5436576453122226, 0.5304697459394282, 0.5405594543977217, 0.5079048471017318, 0.505273740941828, 0.4957717776298523, 0.4687226490540938, 0.44116698178378017, 0.4698800384998322, 0.4670732476494529, 0.47200764309276233, 0.4261422959241, 0.45868048559535635, 0.43614191629669885, 0.4073811514811082, 0.45944501269947396, 0.4722598823634061, 0.47742319540543987, 0.4572521372274919, 0.4266297806393016, 0.4611437494104559, 0.43571355126120825, 0.4240939855575562, 0.45767240199175746, 0.43153332851149817, 0.4401721249927174, 0.43921452869068495, 0.403078803690997, 0.434596819227392, 0.4464920927177776, 0.4703939156098799, 0.4520082793452523, 0.4190725857561285, 0.4648117932406339, 0.41103792082179674, 0.41809715682810006, 0.43346584114161407, 0.4295743758028204, 0.46498102166435934, 0.4222182349725203, 0.4418963345614347, 0.44260018305345017], "val_loss": [1.0854639040457237, 1.059350045951637, 1.0159102227236774, 0.9710720262011966, 0.9240611711063901, 0.9034167238183923, 0.878245696828172, 0.8552136614515975, 0.8358155456749169, 0.794221137021039, 0.7634492806486182, 0.751581525480425, 0.7262791201875016, 0.7284291885994576, 0.7204131274609953, 0.7343615422377715, 0.7352046241631379, 0.7380956991298778, 0.7263715605478029, 0.7373067140579224, 0.7127919889785148, 0.7085733429805653, 0.6942829070864497, 0.7168676337680301, 0.6854051705953237, 0.6691109489750218, 0.6515850263672907, 0.6529981655043524, 0.6502959808787784, 0.6597435474395752, 0.6644442725825954, 0.6689419971930014, 0.6432203215521735, 0.6202997484722653, 0.604771567357553, 0.5938174434610315, 0.5859161470387433, 0.594798067131558, 0.5824850217716114, 0.5821326809960443, 0.5805872807631621, 0.5655266465367498, 0.5540008367718877, 0.5468506990252314, 0.5541265268583555, 0.5528661560367893, 0.5502541709590603, 0.5524891953210573, 0.5615692750827687, 0.5794576470916336, 0.5490069179921537, 0.55452178781097, 0.5576673343374923, 0.5499961376190186, 0.5631167469797907, 0.5488679425136463, 0.5544530862086529, 0.54397491989909, 0.5454820185094267, 0.5499542436084232, 0.5464355848930977, 0.5614128837714324, 0.5593983224920325, 0.5450677452860652, 0.5469408260809409, 0.5503800189172899, 0.5588486581235319, 0.5560436377654204, 0.556958523956505, 0.5481498676377374, 0.5456429897127925, 0.5480087173951639, 0.5643338464401864, 0.5687210479298154], "train_acc": [0.43636363636363634, 0.5, 0.5590909090909091, 0.5818181818181818, 0.6818181818181818, 0.6909090909090909, 0.6409090909090909, 0.6727272727272727, 0.7409090909090909, 0.7363636363636363, 0.7, 0.7363636363636363, 0.7363636363636363, 0.759090909090909, 0.7954545454545454, 0.8045454545454545, 0.7772727272727272, 0.8318181818181818, 0.7863636363636364, 0.8090909090909091, 0.7318181818181818, 0.8181818181818181, 0.759090909090909, 0.7999999999999999, 0.8045454545454545, 0.8545454545454545, 0.8045454545454545, 0.8636363636363636, 0.8409090909090908, 0.8545454545454545, 0.8545454545454545, 0.8681818181818182, 0.8818181818181817, 0.8863636363636364, 0.8727272727272727, 0.8863636363636364, 0.8954545454545454, 0.8909090909090909, 0.9272727272727272, 0.9454545454545454, 0.9136363636363636, 0.9227272727272727, 0.9045454545454545, 0.95, 0.9272727272727272, 0.9454545454545454, 0.9772727272727272, 0.9363636363636363, 0.9181818181818181, 0.9136363636363636, 0.95, 0.9681818181818181, 0.9272727272727272, 0.9454545454545454, 0.9409090909090909, 0.9363636363636363, 0.9454545454545454, 0.95, 0.959090909090909, 0.9681818181818181, 0.9409090909090909, 0.9272727272727272, 0.9045454545454545, 0.9318181818181818, 0.95, 0.9181818181818181, 0.9727272727272727, 0.9636363636363636, 0.9272727272727272, 0.9454545454545454, 0.9227272727272727, 0.95, 0.959090909090909, 0.9363636363636363], "val_acc": [0.33783783783783783, 0.4594594594594595, 0.5945945945945946, 0.6081081081081081, 0.6621621621621622, 0.6216216216216217, 0.6351351351351352, 0.6621621621621622, 0.6621621621621622, 0.7027027027027027, 0.7432432432432433, 0.7837837837837838, 0.7972972972972974, 0.7702702702702703, 0.7567567567567568, 0.7567567567567568, 0.7297297297297298, 0.7702702702702703, 0.7432432432432433, 0.7432432432432433, 0.7972972972972974, 0.7837837837837838, 0.7567567567567568, 0.7297297297297298, 0.7837837837837838, 0.7972972972972974, 0.8378378378378379, 0.8108108108108109, 0.8108108108108109, 0.7972972972972974, 0.8243243243243243, 0.8243243243243243, 0.8378378378378379, 0.8243243243243243, 0.8513513513513514, 0.8513513513513514, 0.8783783783783784, 0.8513513513513514, 0.8513513513513514, 0.8378378378378379, 0.8378378378378379, 0.8783783783783784, 0.8918918918918919, 0.9054054054054055, 0.8648648648648649, 0.8783783783783784, 0.8918918918918919, 0.8648648648648649, 0.8648648648648649, 0.8378378378378379, 0.8918918918918919, 0.8783783783783784, 0.8783783783783784, 0.8918918918918919, 0.8783783783783784, 0.8918918918918919, 0.8783783783783784, 0.8918918918918919, 0.8513513513513514, 0.8783783783783784, 0.8918918918918919, 0.8918918918918919, 0.8783783783783784, 0.918918918918919, 0.8783783783783784, 0.8648648648648649, 0.8648648648648649, 0.8783783783783784, 0.8783783783783784, 0.8918918918918919, 0.8918918918918919, 0.8918918918918919, 0.8783783783783784, 0.8783783783783784], "lr": [0.0001, 0.0001, 0.0001, 0.0001, 0.0001, 0.0001, 0.0001, 0.0001, 0.0001, 0.0001, 0.0001, 0.0001, 0.0001, 0.0001, 0.0001, 0.0001, 0.0001, 0.0001, 0.0001, 0.0001, 0.0001, 0.0001, 0.0001, 0.0001, 0.0001, 0.0001, 0.0001, 0.0001, 0.0001, 0.0001, 0.0001, 0.0001, 0.0001, 0.0001, 0.0001, 0.0001, 0.0001, 0.0001, 0.0001, 0.0001, 0.0001, 0.0001, 0.0001, 0.0001, 0.0001, 0.0001, 0.0001, 0.0001, 0.0001, 0.0001, 5e-05, 5e-05, 5e-05, 5e-05, 5e-05, 5e-05, 5e-05, 5e-05, 5e-05, 2e-05, 1.998342921380038e-05, 1.9983640520668814e-05, 1.9982731695651472e-05, 1.9982855368302897e-05, 1.9983722298169756e-05, 1.9983610262598327e-05, 1.9983403552724425e-05, 1.9982889034742077e-05, 1.998306032484986e-05, 1.998300455143086e-05, 1.9983537741670025e-05, 1.998368793161902e-05, 1.99835462164141e-05, 1.9982551590877824e-05]}