{"train_loss": [1.1099543419751254, 1.0235710144042969, 0.9821910262107849, 0.949411276253787, 0.8996143763715571, 0.8732943339781327, 0.7950522867116061, 0.7799839193170721, 0.7026774178851735, 0.6500075199387291, 0.6329940362410111, 0.6521373651244423, 0.5915512919425965, 0.5617785735563798, 0.5304450674490495, 0.5067577632990751, 0.47923772172494367, 0.4185323850675063, 0.4011176878755743, 0.3721917087381536, 0.3683111337098208, 0.3160511943426999, 0.32896802127361296, 0.298672048070214, 0.29532199935479597, 0.2892585440115495, 0.2526839180426164, 0.24351234354756096, 0.2556778956543316], "val_loss": [1.0453250150422793, 0.9944980998296995, 0.925319259231155, 0.880849577285148, 0.845198346150888, 0.8018716058215579, 0.7765817142821647, 0.7702201153780963, 0.7040349228962047, 0.7461366766207927, 0.661819619101447, 0.625822168749732, 0.6160968429333454, 0.5929334969133944, 0.5642250309119353, 0.5570223428107597, 0.5748952337213464, 0.544573812871366, 0.4990336709731334, 0.5100593309144716, 0.46326471180529205, 0.45763705791653814, 0.46222507470362895, 0.4313209709283468, 0.4464499612112303, 0.41482555060773285, 0.43700681586523316, 0.40625535877975255, 0.42442420527741714], "train_acc": [0.32727272727272727, 0.4909090909090909, 0.5227272727272727, 0.6, 0.5909090909090908, 0.609090909090909, 0.6909090909090909, 0.6818181818181818, 0.7272727272727273, 0.7636363636363636, 0.759090909090909, 0.7363636363636363, 0.7818181818181817, 0.7999999999999999, 0.8090909090909091, 0.8090909090909091, 0.8090909090909091, 0.8863636363636364, 0.8636363636363636, 0.8954545454545454, 0.8909090909090909, 0.8999999999999999, 0.8681818181818182, 0.8818181818181817, 0.9227272727272727, 0.8909090909090909, 0.9227272727272727, 0.9272727272727272, 0.9272727272727272], "val_acc": [0.43243243243243246, 0.5, 0.5945945945945946, 0.5945945945945946, 0.6351351351351352, 0.6081081081081081, 0.7027027027027027, 0.6351351351351352, 0.7297297297297298, 0.6216216216216217, 0.7297297297297298, 0.7297297297297298, 0.7702702702702703, 0.7027027027027027, 0.7837837837837838, 0.7567567567567568, 0.7162162162162162, 0.7567567567567568, 0.7972972972972974, 0.7837837837837838, 0.8108108108108109, 0.8378378378378379, 0.8243243243243243, 0.8648648648648649, 0.8648648648648649, 0.8648648648648649, 0.8108108108108109, 0.8243243243243243, 0.7972972972972974], "lr": [0.0001, 0.0001, 0.0001, 0.0001, 0.0001, 0.0001, 0.0001, 0.0001, 0.0001, 0.0001, 0.0001, 0.0001, 0.0001, 0.0001, 0.0001, 0.0001, 0.0001, 0.0001, 0.0001, 0.0001, 0.0001, 0.0001, 0.0001, 0.0001, 0.0001, 0.0001, 0.0001, 0.0001, 0.0001]}