{
    "VGG16": {
        "Accuracy": 0.7837837837837838,
        "Loss": 0.48180348083779617
    },
    "ResNet50": {
        "Accuracy": 0.8243243243243243,
        "Loss": 0.6202287271216109
    },
    "Hybrid Ensemble": {
        "Accuracy": 0.8648648648648649,
        "Loss": 0.7794240713119507
    },
    "Stacking Ensemble": {
        "Accuracy": 0.7837837837837838,
        "Loss": 0.7898639215005411
    },
    "Logistic Stacking Ensemble": {
        "Accuracy": 0.7567567567567568,
        "Loss": 0.6091919348046586
    }
}