{
    "algal leaf": {
        "precision": 0.9523809523809523,
        "recall": 0.8695652173913043,
        "f1-score": 0.9090909090909091,
        "support": 23.0
    },
    "brown blight": {
        "precision": 0.9090909090909091,
        "recall": 0.8695652173913043,
        "f1-score": 0.8888888888888888,
        "support": 23.0
    },
    "white spot": {
        "precision": 0.8709677419354839,
        "recall": 0.9642857142857143,
        "f1-score": 0.9152542372881356,
        "support": 28.0
    },
    "accuracy": 0.9054054054054054,
    "macro avg": {
        "precision": 0.9108132011357818,
        "recall": 0.9011387163561076,
        "f1-score": 0.9044113450893111,
        "support": 74.0
    },
    "weighted avg": {
        "precision": 0.908120940379005,
        "recall": 0.9054054054054054,
        "f1-score": 0.905143972940583,
        "support": 74.0
    }
}