{
    "algal leaf": {
        "precision": 0.6666666666666666,
        "recall": 0.6956521739130435,
        "f1-score": 0.6808510638297872,
        "support": 23.0
    },
    "brown blight": {
        "precision": 0.8823529411764706,
        "recall": 0.6521739130434783,
        "f1-score": 0.75,
        "support": 23.0
    },
    "white spot": {
        "precision": 0.7575757575757576,
        "recall": 0.8928571428571429,
        "f1-score": 0.819672131147541,
        "support": 28.0
    },
    "accuracy": 0.7567567567567568,
    "macro avg": {
        "precision": 0.7688651218062983,
        "recall": 0.7468944099378882,
        "f1-score": 0.7501743983257761,
        "support": 74.0
    },
    "weighted avg": {
        "precision": 0.7681023269258563,
        "recall": 0.7567567567567568,
        "f1-score": 0.7548701910840034,
        "support": 74.0
    }
}