{
    "algal leaf": {
        "precision": 0.9,
        "recall": 0.782608695652174,
        "f1-score": 0.8372093023255814,
        "support": 23.0
    },
    "brown blight": {
        "precision": 0.84,
        "recall": 0.9130434782608695,
        "f1-score": 0.875,
        "support": 23.0
    },
    "white spot": {
        "precision": 0.8620689655172413,
        "recall": 0.8928571428571429,
        "f1-score": 0.8771929824561403,
        "support": 28.0
    },
    "accuracy": 0.8648648648648649,
    "macro avg": {
        "precision": 0.8673563218390804,
        "recall": 0.8628364389233955,
        "f1-score": 0.8631340949272407,
        "support": 74.0
    },
    "weighted avg": {
        "precision": 0.8669990680335508,
        "recall": 0.8648648648648649,
        "f1-score": 0.8640840197602744,
        "support": 74.0
    }
}