{
    "algal leaf": {
        "precision": 0.7083333333333334,
        "recall": 0.7391304347826086,
        "f1-score": 0.723404255319149,
        "support": 23.0
    },
    "brown blight": {
        "precision": 0.8823529411764706,
        "recall": 0.6521739130434783,
        "f1-score": 0.75,
        "support": 23.0
    },
    "white spot": {
        "precision": 0.7878787878787878,
        "recall": 0.9285714285714286,
        "f1-score": 0.8524590163934426,
        "support": 28.0
    },
    "accuracy": 0.7837837837837838,
    "macro avg": {
        "precision": 0.7928550207961974,
        "recall": 0.7732919254658386,
        "f1-score": 0.7752877572375305,
        "support": 74.0
    },
    "weighted avg": {
        "precision": 0.7925187888423182,
        "recall": 0.7837837837837838,
        "f1-score": 0.780502031504822,
        "support": 74.0
    }
}